CompanyId,CompanyId,URL
245560002150,0245560002150,https://www.dataforthai.com/company/0245560002150
343564002992,0343564002992,https://www.dataforthai.com/company/0343564002992
515559000758,0515559000758,https://www.dataforthai.com/company/0515559000758
505557004365,0505557004365,https://www.dataforthai.com/company/0505557004365
835566032462,0835566032462,https://www.dataforthai.com/company/0835566032462
303564003387,0303564003387,https://www.dataforthai.com/company/0303564003387
165562000970,0165562000970,https://www.dataforthai.com/company/0165562000970
903567001061,0903567001061,https://www.dataforthai.com/company/0903567001061
303564003468,0303564003468,https://www.dataforthai.com/company/0303564003468
655565002260,0655565002260,https://www.dataforthai.com/company/0655565002260
183564000436,0183564000436,https://www.dataforthai.com/company/0183564000436
665564000280,0665564000280,https://www.dataforthai.com/company/0665564000280
245564002421,0245564002421,https://www.dataforthai.com/company/0245564002421
105523007276,0105523007276,https://www.dataforthai.com/company/0105523007276
515551000325,0515551000325,https://www.dataforthai.com/company/0515551000325
103552021930,0103552021930,https://www.dataforthai.com/company/0103552021930
303564003441,0303564003441,https://www.dataforthai.com/company/0303564003441
543563000609,0543563000609,https://www.dataforthai.com/company/0543563000609
543563000587,0543563000587,https://www.dataforthai.com/company/0543563000587
165564000969,0165564000969,https://www.dataforthai.com/company/0165564000969
193564000908,0193564000908,https://www.dataforthai.com/company/0193564000908
193564000428,0193564000428,https://www.dataforthai.com/company/0193564000428
313563002042,0313563002042,https://www.dataforthai.com/company/0313563002042
313562000968,0313562000968,https://www.dataforthai.com/company/0313562000968
303564003409,0303564003409,https://www.dataforthai.com/company/0303564003409
393567000605,0393567000605,https://www.dataforthai.com/company/0393567000605
705536000733,0705536000733,https://www.dataforthai.com/company/0705536000733
305554002967,0305554002967,https://www.dataforthai.com/company/0305554002967
845532000398,0845532000398,https://www.dataforthai.com/company/0845532000398
105555074271,0105555074271,https://www.dataforthai.com/company/0105555074271
125563029831,0125563029831,https://www.dataforthai.com/company/0125563029831
105552072251,0105552072251,https://www.dataforthai.com/company/0105552072251
105531067436,0105531067436,https://www.dataforthai.com/company/0105531067436
105539070673,0105539070673,https://www.dataforthai.com/company/0105539070673
135552009575,0135552009575,https://www.dataforthai.com/company/0135552009575
105537129662,0105537129662,https://www.dataforthai.com/company/0105537129662
415529000025,0415529000025,https://www.dataforthai.com/company/0415529000025
105532113521,0105532113521,https://www.dataforthai.com/company/0105532113521
105559101078,0105559101078,https://www.dataforthai.com/company/0105559101078
135541001080,0135541001080,https://www.dataforthai.com/company/0135541001080
105543079108,0105543079108,https://www.dataforthai.com/company/0105543079108
815524000023,0815524000023,https://www.dataforthai.com/company/0815524000023
835559009949,0835559009949,https://www.dataforthai.com/company/0835559009949
135558015909,0135558015909,https://www.dataforthai.com/company/0135558015909
105523006946,0105523006946,https://www.dataforthai.com/company/0105523006946
105531074459,0105531074459,https://www.dataforthai.com/company/0105531074459
405558001743,0405558001743,https://www.dataforthai.com/company/0405558001743
615564000085,0615564000085,https://www.dataforthai.com/company/0615564000085
765542000243,0765542000243,https://www.dataforthai.com/company/0765542000243
105541005476,0105541005476,https://www.dataforthai.com/company/0105541005476
105521008216,0105521008216,https://www.dataforthai.com/company/0105521008216
735533000325,0735533000325,https://www.dataforthai.com/company/0735533000325
105531018826,0105531018826,https://www.dataforthai.com/company/0105531018826
225560000963,0225560000963,https://www.dataforthai.com/company/0225560000963
105530030997,0105530030997,https://www.dataforthai.com/company/0105530030997
105548157042,0105548157042,https://www.dataforthai.com/company/0105548157042
105529022153,0105529022153,https://www.dataforthai.com/company/0105529022153
575554001772,0575554001772,https://www.dataforthai.com/company/0575554001772
105540023209,0105540023209,https://www.dataforthai.com/company/0105540023209
105551112950,0105551112950,https://www.dataforthai.com/company/0105551112950
105532023360,0105532023360,https://www.dataforthai.com/company/0105532023360
505549002642,0505549002642,https://www.dataforthai.com/company/0505549002642
105560135665,0105560135665,https://www.dataforthai.com/company/0105560135665
105560063907,0105560063907,https://www.dataforthai.com/company/0105560063907
105553129345,0105553129345,https://www.dataforthai.com/company/0105553129345
105560063575,0105560063575,https://www.dataforthai.com/company/0105560063575
105560063729,0105560063729,https://www.dataforthai.com/company/0105560063729
105560063494,0105560063494,https://www.dataforthai.com/company/0105560063494
135534000618,0135534000618,https://www.dataforthai.com/company/0135534000618
505558011519,0505558011519,https://www.dataforthai.com/company/0505558011519
845567016029,0845567016029,https://www.dataforthai.com/company/0845567016029
665564000760,0665564000760,https://www.dataforthai.com/company/0665564000760
705562003884,0705562003884,https://www.dataforthai.com/company/0705562003884
413557002388,0413557002388,https://www.dataforthai.com/company/0413557002388
453564001421,0453564001421,https://www.dataforthai.com/company/0453564001421
315567001808,0315567001808,https://www.dataforthai.com/company/0315567001808
545564000264,0545564000264,https://www.dataforthai.com/company/0545564000264
105531049608,0105531049608,https://www.dataforthai.com/company/0105531049608
575555000265,0575555000265,https://www.dataforthai.com/company/0575555000265
805559001913,0805559001913,https://www.dataforthai.com/company/0805559001913
353563001089,0353563001089,https://www.dataforthai.com/company/0353563001089
353563001071,0353563001071,https://www.dataforthai.com/company/0353563001071
105555084489,0105555084489,https://www.dataforthai.com/company/0105555084489
205562000880,0205562000880,https://www.dataforthai.com/company/0205562000880
405568003064,0405568003064,https://www.dataforthai.com/company/0405568003064
313564002968,0313564002968,https://www.dataforthai.com/company/0313564002968
125568020638,0125568020638,https://www.dataforthai.com/company/0125568020638
605561000921,0605561000921,https://www.dataforthai.com/company/0605561000921
713564000201,0713564000201,https://www.dataforthai.com/company/0713564000201
273564000231,0273564000231,https://www.dataforthai.com/company/0273564000231
533564000262,0533564000262,https://www.dataforthai.com/company/0533564000262
553564000211,0553564000211,https://www.dataforthai.com/company/0553564000211
373564000141,0373564000141,https://www.dataforthai.com/company/0373564000141
573564004268,0573564004268,https://www.dataforthai.com/company/0573564004268
333564001562,0333564001562,https://www.dataforthai.com/company/0333564001562
443564002941,0443564002941,https://www.dataforthai.com/company/0443564002941
303564001872,0303564001872,https://www.dataforthai.com/company/0303564001872
665564000476,0665564000476,https://www.dataforthai.com/company/0665564000476
453563002424,0453563002424,https://www.dataforthai.com/company/0453563002424
675564000328,0675564000328,https://www.dataforthai.com/company/0675564000328
313564002054,0313564002054,https://www.dataforthai.com/company/0313564002054
343564002623,0343564002623,https://www.dataforthai.com/company/0343564002623
453563002190,0453563002190,https://www.dataforthai.com/company/0453563002190
323564002101,0323564002101,https://www.dataforthai.com/company/0323564002101
303564002038,0303564002038,https://www.dataforthai.com/company/0303564002038
313564001678,0313564001678,https://www.dataforthai.com/company/0313564001678
913564000081,0913564000081,https://www.dataforthai.com/company/0913564000081
913564000129,0913564000129,https://www.dataforthai.com/company/0913564000129
373564000124,0373564000124,https://www.dataforthai.com/company/0373564000124
373564000256,0373564000256,https://www.dataforthai.com/company/0373564000256
373564000175,0373564000175,https://www.dataforthai.com/company/0373564000175
313564002071,0313564002071,https://www.dataforthai.com/company/0313564002071
373564000183,0373564000183,https://www.dataforthai.com/company/0373564000183
243564000532,0243564000532,https://www.dataforthai.com/company/0243564000532
673564000636,0673564000636,https://www.dataforthai.com/company/0673564000636
913564000099,0913564000099,https://www.dataforthai.com/company/0913564000099
165564000951,0165564000951,https://www.dataforthai.com/company/0165564000951
603564000636,0603564000636,https://www.dataforthai.com/company/0603564000636
323564001511,0323564001511,https://www.dataforthai.com/company/0323564001511
453563002751,0453563002751,https://www.dataforthai.com/company/0453563002751
453563002734,0453563002734,https://www.dataforthai.com/company/0453563002734
333564001783,0333564001783,https://www.dataforthai.com/company/0333564001783
405564001717,0405564001717,https://www.dataforthai.com/company/0405564001717
505566015749,0505566015749,https://www.dataforthai.com/company/0505566015749
125566013995,0125566013995,https://www.dataforthai.com/company/0125566013995
343564005690,0343564005690,https://www.dataforthai.com/company/0343564005690
313564000507,0313564000507,https://www.dataforthai.com/company/0313564000507
373564000191,0373564000191,https://www.dataforthai.com/company/0373564000191
313564000973,0313564000973,https://www.dataforthai.com/company/0313564000973
403564002819,0403564002819,https://www.dataforthai.com/company/0403564002819
313564000574,0313564000574,https://www.dataforthai.com/company/0313564000574
313564000833,0313564000833,https://www.dataforthai.com/company/0313564000833
313564001414,0313564001414,https://www.dataforthai.com/company/0313564001414
313564000957,0313564000957,https://www.dataforthai.com/company/0313564000957
313564000370,0313564000370,https://www.dataforthai.com/company/0313564000370
313564000540,0313564000540,https://www.dataforthai.com/company/0313564000540
313564000434,0313564000434,https://www.dataforthai.com/company/0313564000434
313564000841,0313564000841,https://www.dataforthai.com/company/0313564000841
313564000485,0313564000485,https://www.dataforthai.com/company/0313564000485
313563002590,0313563002590,https://www.dataforthai.com/company/0313563002590
665564000301,0665564000301,https://www.dataforthai.com/company/0665564000301
313564000078,0313564000078,https://www.dataforthai.com/company/0313564000078
313564001261,0313564001261,https://www.dataforthai.com/company/0313564001261
313564000761,0313564000761,https://www.dataforthai.com/company/0313564000761
313564000299,0313564000299,https://www.dataforthai.com/company/0313564000299
313564001864,0313564001864,https://www.dataforthai.com/company/0313564001864
313564000868,0313564000868,https://www.dataforthai.com/company/0313564000868
313564001848,0313564001848,https://www.dataforthai.com/company/0313564001848
313564000817,0313564000817,https://www.dataforthai.com/company/0313564000817
313564001279,0313564001279,https://www.dataforthai.com/company/0313564001279
313564001325,0313564001325,https://www.dataforthai.com/company/0313564001325
313564001317,0313564001317,https://www.dataforthai.com/company/0313564001317
313564000647,0313564000647,https://www.dataforthai.com/company/0313564000647
313564001295,0313564001295,https://www.dataforthai.com/company/0313564001295
313564001856,0313564001856,https://www.dataforthai.com/company/0313564001856
313564000523,0313564000523,https://www.dataforthai.com/company/0313564000523
313564000795,0313564000795,https://www.dataforthai.com/company/0313564000795
313564001961,0313564001961,https://www.dataforthai.com/company/0313564001961
313564001554,0313564001554,https://www.dataforthai.com/company/0313564001554
313564000850,0313564000850,https://www.dataforthai.com/company/0313564000850
313564002020,0313564002020,https://www.dataforthai.com/company/0313564002020
313564002721,0313564002721,https://www.dataforthai.com/company/0313564002721
313564001252,0313564001252,https://www.dataforthai.com/company/0313564001252
313564001589,0313564001589,https://www.dataforthai.com/company/0313564001589
313564001546,0313564001546,https://www.dataforthai.com/company/0313564001546
313564001562,0313564001562,https://www.dataforthai.com/company/0313564001562
313564001490,0313564001490,https://www.dataforthai.com/company/0313564001490
313564001309,0313564001309,https://www.dataforthai.com/company/0313564001309
313564000558,0313564000558,https://www.dataforthai.com/company/0313564000558
313564001538,0313564001538,https://www.dataforthai.com/company/0313564001538
313564000787,0313564000787,https://www.dataforthai.com/company/0313564000787
313564001899,0313564001899,https://www.dataforthai.com/company/0313564001899
313564001571,0313564001571,https://www.dataforthai.com/company/0313564001571
273564000214,0273564000214,https://www.dataforthai.com/company/0273564000214
313564000396,0313564000396,https://www.dataforthai.com/company/0313564000396
313564000876,0313564000876,https://www.dataforthai.com/company/0313564000876
313564000345,0313564000345,https://www.dataforthai.com/company/0313564000345
313564000639,0313564000639,https://www.dataforthai.com/company/0313564000639
313564001228,0313564001228,https://www.dataforthai.com/company/0313564001228
313564000442,0313564000442,https://www.dataforthai.com/company/0313564000442
313564000191,0313564000191,https://www.dataforthai.com/company/0313564000191
313563002484,0313563002484,https://www.dataforthai.com/company/0313563002484
313564001007,0313564001007,https://www.dataforthai.com/company/0313564001007
313564001236,0313564001236,https://www.dataforthai.com/company/0313564001236
453564000204,0453564000204,https://www.dataforthai.com/company/0453564000204
463564000492,0463564000492,https://www.dataforthai.com/company/0463564000492
375564000029,0375564000029,https://www.dataforthai.com/company/0375564000029
273564000206,0273564000206,https://www.dataforthai.com/company/0273564000206
375564000011,0375564000011,https://www.dataforthai.com/company/0375564000011
393564000051,0393564000051,https://www.dataforthai.com/company/0393564000051
453564000131,0453564000131,https://www.dataforthai.com/company/0453564000131
453564000751,0453564000751,https://www.dataforthai.com/company/0453564000751
403564003661,0403564003661,https://www.dataforthai.com/company/0403564003661
403564003190,0403564003190,https://www.dataforthai.com/company/0403564003190
453564000531,0453564000531,https://www.dataforthai.com/company/0453564000531
373564000132,0373564000132,https://www.dataforthai.com/company/0373564000132
413564001618,0413564001618,https://www.dataforthai.com/company/0413564001618
375564000061,0375564000061,https://www.dataforthai.com/company/0375564000061
303564002020,0303564002020,https://www.dataforthai.com/company/0303564002020
303564001881,0303564001881,https://www.dataforthai.com/company/0303564001881
303564002887,0303564002887,https://www.dataforthai.com/company/0303564002887
453564000107,0453564000107,https://www.dataforthai.com/company/0453564000107
343564001724,0343564001724,https://www.dataforthai.com/company/0343564001724
343564002607,0343564002607,https://www.dataforthai.com/company/0343564002607
343564001716,0343564001716,https://www.dataforthai.com/company/0343564001716
343564002615,0343564002615,https://www.dataforthai.com/company/0343564002615
343564002755,0343564002755,https://www.dataforthai.com/company/0343564002755
323564000183,0323564000183,https://www.dataforthai.com/company/0323564000183
375564000037,0375564000037,https://www.dataforthai.com/company/0375564000037
303564002828,0303564002828,https://www.dataforthai.com/company/0303564002828
305564002625,0305564002625,https://www.dataforthai.com/company/0305564002625
413564001201,0413564001201,https://www.dataforthai.com/company/0413564001201
453564000191,0453564000191,https://www.dataforthai.com/company/0453564000191
323564000566,0323564000566,https://www.dataforthai.com/company/0323564000566
453564000123,0453564000123,https://www.dataforthai.com/company/0453564000123
413564001154,0413564001154,https://www.dataforthai.com/company/0413564001154
303564001848,0303564001848,https://www.dataforthai.com/company/0303564001848
453564001081,0453564001081,https://www.dataforthai.com/company/0453564001081
343564001481,0343564001481,https://www.dataforthai.com/company/0343564001481
333564001180,0333564001180,https://www.dataforthai.com/company/0333564001180
333564001309,0333564001309,https://www.dataforthai.com/company/0333564001309
333564000795,0333564000795,https://www.dataforthai.com/company/0333564000795
333564000426,0333564000426,https://www.dataforthai.com/company/0333564000426
323564000205,0323564000205,https://www.dataforthai.com/company/0323564000205
313564000531,0313564000531,https://www.dataforthai.com/company/0313564000531
313564000311,0313564000311,https://www.dataforthai.com/company/0313564000311
313564001074,0313564001074,https://www.dataforthai.com/company/0313564001074
313564002038,0313564002038,https://www.dataforthai.com/company/0313564002038
313564001082,0313564001082,https://www.dataforthai.com/company/0313564001082
313564001201,0313564001201,https://www.dataforthai.com/company/0313564001201
343564001708,0343564001708,https://www.dataforthai.com/company/0343564001708
453564000727,0453564000727,https://www.dataforthai.com/company/0453564000727
405564000907,0405564000907,https://www.dataforthai.com/company/0405564000907
515564000434,0515564000434,https://www.dataforthai.com/company/0515564000434
303564002445,0303564002445,https://www.dataforthai.com/company/0303564002445
405564001873,0405564001873,https://www.dataforthai.com/company/0405564001873
305567008446,0305567008446,https://www.dataforthai.com/company/0305567008446
343564001287,0343564001287,https://www.dataforthai.com/company/0343564001287
343564001210,0343564001210,https://www.dataforthai.com/company/0343564001210
405564001016,0405564001016,https://www.dataforthai.com/company/0405564001016
413564001715,0413564001715,https://www.dataforthai.com/company/0413564001715
303564001597,0303564001597,https://www.dataforthai.com/company/0303564001597
455564000320,0455564000320,https://www.dataforthai.com/company/0455564000320
333564001589,0333564001589,https://www.dataforthai.com/company/0333564001589
303564002429,0303564002429,https://www.dataforthai.com/company/0303564002429
303564002402,0303564002402,https://www.dataforthai.com/company/0303564002402
303564002411,0303564002411,https://www.dataforthai.com/company/0303564002411
303564002437,0303564002437,https://www.dataforthai.com/company/0303564002437
433564000549,0433564000549,https://www.dataforthai.com/company/0433564000549
343564001368,0343564001368,https://www.dataforthai.com/company/0343564001368
343564002925,0343564002925,https://www.dataforthai.com/company/0343564002925
343564002852,0343564002852,https://www.dataforthai.com/company/0343564002852
343564001376,0343564001376,https://www.dataforthai.com/company/0343564001376
303564008397,0303564008397,https://www.dataforthai.com/company/0303564008397
343564001732,0343564001732,https://www.dataforthai.com/company/0343564001732
343564001660,0343564001660,https://www.dataforthai.com/company/0343564001660
343564002411,0343564002411,https://www.dataforthai.com/company/0343564002411
343564001490,0343564001490,https://www.dataforthai.com/company/0343564001490
333564002135,0333564002135,https://www.dataforthai.com/company/0333564002135
303564002810,0303564002810,https://www.dataforthai.com/company/0303564002810
453564001332,0453564001332,https://www.dataforthai.com/company/0453564001332
343564002402,0343564002402,https://www.dataforthai.com/company/0343564002402
343564001147,0343564001147,https://www.dataforthai.com/company/0343564001147
453564001111,0453564001111,https://www.dataforthai.com/company/0453564001111
343564001406,0343564001406,https://www.dataforthai.com/company/0343564001406
343564000795,0343564000795,https://www.dataforthai.com/company/0343564000795
455564000303,0455564000303,https://www.dataforthai.com/company/0455564000303
343564001333,0343564001333,https://www.dataforthai.com/company/0343564001333
453564001073,0453564001073,https://www.dataforthai.com/company/0453564001073
453564001090,0453564001090,https://www.dataforthai.com/company/0453564001090
343564002861,0343564002861,https://www.dataforthai.com/company/0343564002861
453564001243,0453564001243,https://www.dataforthai.com/company/0453564001243
343564002933,0343564002933,https://www.dataforthai.com/company/0343564002933
405564003353,0405564003353,https://www.dataforthai.com/company/0405564003353
343564001228,0343564001228,https://www.dataforthai.com/company/0343564001228
343564001279,0343564001279,https://www.dataforthai.com/company/0343564001279
105525033894,0105525033894,https://www.dataforthai.com/company/0105525033894
273564000222,0273564000222,https://www.dataforthai.com/company/0273564000222
413564001600,0413564001600,https://www.dataforthai.com/company/0413564001600
705564000866,0705564000866,https://www.dataforthai.com/company/0705564000866
453564000352,0453564000352,https://www.dataforthai.com/company/0453564000352
403564001308,0403564001308,https://www.dataforthai.com/company/0403564001308
403564000123,0403564000123,https://www.dataforthai.com/company/0403564000123
303564002704,0303564002704,https://www.dataforthai.com/company/0303564002704
415567000045,0415567000045,https://www.dataforthai.com/company/0415567000045
135560008078,0135560008078,https://www.dataforthai.com/company/0135560008078
835557016247,0835557016247,https://www.dataforthai.com/company/0835557016247
205567043722,0205567043722,https://www.dataforthai.com/company/0205567043722
105564153943,0105564153943,https://www.dataforthai.com/company/0105564153943
523564000661,0523564000661,https://www.dataforthai.com/company/0523564000661
465567000444,0465567000444,https://www.dataforthai.com/company/0465567000444
725564000556,0725564000556,https://www.dataforthai.com/company/0725564000556
523564000807,0523564000807,https://www.dataforthai.com/company/0523564000807
105554000192,0105554000192,https://www.dataforthai.com/company/0105554000192
125567026683,0125567026683,https://www.dataforthai.com/company/0125567026683
205567045547,0205567045547,https://www.dataforthai.com/company/0205567045547
105560147680,0105560147680,https://www.dataforthai.com/company/0105560147680
135566028216,0135566028216,https://www.dataforthai.com/company/0135566028216
105566214397,0105566214397,https://www.dataforthai.com/company/0105566214397
303566001543,0303566001543,https://www.dataforthai.com/company/0303566001543
135564011235,0135564011235,https://www.dataforthai.com/company/0135564011235
105538126756,0105538126756,https://www.dataforthai.com/company/0105538126756
195565002833,0195565002833,https://www.dataforthai.com/company/0195565002833
835564013681,0835564013681,https://www.dataforthai.com/company/0835564013681
105560014523,0105560014523,https://www.dataforthai.com/company/0105560014523
735563006798,0735563006798,https://www.dataforthai.com/company/0735563006798
763557000811,0763557000811,https://www.dataforthai.com/company/0763557000811
105559113319,0105559113319,https://www.dataforthai.com/company/0105559113319
515566000148,0515566000148,https://www.dataforthai.com/company/0515566000148
405563002086,0405563002086,https://www.dataforthai.com/company/0405563002086
653567000521,0653567000521,https://www.dataforthai.com/company/0653567000521
125563001937,0125563001937,https://www.dataforthai.com/company/0125563001937
203566003130,0203566003130,https://www.dataforthai.com/company/0203566003130
105559181942,0105559181942,https://www.dataforthai.com/company/0105559181942
815563001507,0815563001507,https://www.dataforthai.com/company/0815563001507
845559007687,0845559007687,https://www.dataforthai.com/company/0845559007687
845563008129,0845563008129,https://www.dataforthai.com/company/0845563008129
245567003828,0245567003828,https://www.dataforthai.com/company/0245567003828
703567000849,0703567000849,https://www.dataforthai.com/company/0703567000849
105568041830,0105568041830,https://www.dataforthai.com/company/0105568041830
205565037733,0205565037733,https://www.dataforthai.com/company/0205565037733
105565168511,0105565168511,https://www.dataforthai.com/company/0105565168511
105557013627,0105557013627,https://www.dataforthai.com/company/0105557013627
845567011515,0845567011515,https://www.dataforthai.com/company/0845567011515
513565000509,0513565000509,https://www.dataforthai.com/company/0513565000509
215566007455,0215566007455,https://www.dataforthai.com/company/0215566007455
243562000331,0243562000331,https://www.dataforthai.com/company/0243562000331
105561050981,0105561050981,https://www.dataforthai.com/company/0105561050981
105566057097,0105566057097,https://www.dataforthai.com/company/0105566057097
105540007785,0105540007785,https://www.dataforthai.com/company/0105540007785
105561172068,0105561172068,https://www.dataforthai.com/company/0105561172068
105565135248,0105565135248,https://www.dataforthai.com/company/0105565135248
405565005741,0405565005741,https://www.dataforthai.com/company/0405565005741
105567109180,0105567109180,https://www.dataforthai.com/company/0105567109180
105562144734,0105562144734,https://www.dataforthai.com/company/0105562144734
105563049514,0105563049514,https://www.dataforthai.com/company/0105563049514
705564002869,0705564002869,https://www.dataforthai.com/company/0705564002869
115566004619,0115566004619,https://www.dataforthai.com/company/0115566004619
435564000893,0435564000893,https://www.dataforthai.com/company/0435564000893
403564001332,0403564001332,https://www.dataforthai.com/company/0403564001332
403564000794,0403564000794,https://www.dataforthai.com/company/0403564000794
403564001294,0403564001294,https://www.dataforthai.com/company/0403564001294
403564000387,0403564000387,https://www.dataforthai.com/company/0403564000387
403564000352,0403564000352,https://www.dataforthai.com/company/0403564000352
163564000461,0163564000461,https://www.dataforthai.com/company/0163564000461
165564000314,0165564000314,https://www.dataforthai.com/company/0165564000314
403564002614,0403564002614,https://www.dataforthai.com/company/0403564002614
163564000428,0163564000428,https://www.dataforthai.com/company/0163564000428
403564003416,0403564003416,https://www.dataforthai.com/company/0403564003416
105562074701,0105562074701,https://www.dataforthai.com/company/0105562074701
665564000395,0665564000395,https://www.dataforthai.com/company/0665564000395
303564002381,0303564002381,https://www.dataforthai.com/company/0303564002381
135568017904,0135568017904,https://www.dataforthai.com/company/0135568017904
105566031098,0105566031098,https://www.dataforthai.com/company/0105566031098
315563000173,0315563000173,https://www.dataforthai.com/company/0315563000173
725564000947,0725564000947,https://www.dataforthai.com/company/0725564000947
505567019934,0505567019934,https://www.dataforthai.com/company/0505567019934
405565005198,0405565005198,https://www.dataforthai.com/company/0405565005198
105560213020,0105560213020,https://www.dataforthai.com/company/0105560213020
105566129322,0105566129322,https://www.dataforthai.com/company/0105566129322
125564017748,0125564017748,https://www.dataforthai.com/company/0125564017748
115563024988,0115563024988,https://www.dataforthai.com/company/0115563024988
125568009791,0125568009791,https://www.dataforthai.com/company/0125568009791
105553135078,0105553135078,https://www.dataforthai.com/company/0105553135078
105564125079,0105564125079,https://www.dataforthai.com/company/0105564125079
135563005835,0135563005835,https://www.dataforthai.com/company/0135563005835
103561014827,0103561014827,https://www.dataforthai.com/company/0103561014827
105559157618,0105559157618,https://www.dataforthai.com/company/0105559157618
105563174921,0105563174921,https://www.dataforthai.com/company/0105563174921
715567001600,0715567001600,https://www.dataforthai.com/company/0715567001600
135560008698,0135560008698,https://www.dataforthai.com/company/0135560008698
735559004328,0735559004328,https://www.dataforthai.com/company/0735559004328
735566005636,0735566005636,https://www.dataforthai.com/company/0735566005636
365566000565,0365566000565,https://www.dataforthai.com/company/0365566000565
115560008540,0115560008540,https://www.dataforthai.com/company/0115560008540
835567022339,0835567022339,https://www.dataforthai.com/company/0835567022339
105547140685,0105547140685,https://www.dataforthai.com/company/0105547140685
835564008394,0835564008394,https://www.dataforthai.com/company/0835564008394
125564020153,0125564020153,https://www.dataforthai.com/company/0125564020153
655564001103,0655564001103,https://www.dataforthai.com/company/0655564001103
125566038076,0125566038076,https://www.dataforthai.com/company/0125566038076
505557008379,0505557008379,https://www.dataforthai.com/company/0505557008379
305567008781,0305567008781,https://www.dataforthai.com/company/0305567008781
105564017829,0105564017829,https://www.dataforthai.com/company/0105564017829
403559000030,0403559000030,https://www.dataforthai.com/company/0403559000030
805562002933,0805562002933,https://www.dataforthai.com/company/0805562002933
105537028246,0105537028246,https://www.dataforthai.com/company/0105537028246
105558076738,0105558076738,https://www.dataforthai.com/company/0105558076738
105563097241,0105563097241,https://www.dataforthai.com/company/0105563097241
105556065364,0105556065364,https://www.dataforthai.com/company/0105556065364
305554001669,0305554001669,https://www.dataforthai.com/company/0305554001669
305567000658,0305567000658,https://www.dataforthai.com/company/0305567000658
105556002281,0105556002281,https://www.dataforthai.com/company/0105556002281
145565003945,0145565003945,https://www.dataforthai.com/company/0145565003945
835559012036,0835559012036,https://www.dataforthai.com/company/0835559012036
105560088608,0105560088608,https://www.dataforthai.com/company/0105560088608
315567000186,0315567000186,https://www.dataforthai.com/company/0315567000186
125562036125,0125562036125,https://www.dataforthai.com/company/0125562036125
103562018435,0103562018435,https://www.dataforthai.com/company/0103562018435
503568001158,0503568001158,https://www.dataforthai.com/company/0503568001158
115547013527,0115547013527,https://www.dataforthai.com/company/0115547013527
273564000583,0273564000583,https://www.dataforthai.com/company/0273564000583
453565000291,0453565000291,https://www.dataforthai.com/company/0453565000291
105564068482,0105564068482,https://www.dataforthai.com/company/0105564068482
105543081773,0105543081773,https://www.dataforthai.com/company/0105543081773
105564030531,0105564030531,https://www.dataforthai.com/company/0105564030531
655555000710,0655555000710,https://www.dataforthai.com/company/0655555000710
505555005542,0505555005542,https://www.dataforthai.com/company/0505555005542
415565001834,0415565001834,https://www.dataforthai.com/company/0415565001834
503565000177,0503565000177,https://www.dataforthai.com/company/0503565000177
403565005986,0403565005986,https://www.dataforthai.com/company/0403565005986
105565070081,0105565070081,https://www.dataforthai.com/company/0105565070081
505563002182,0505563002182,https://www.dataforthai.com/company/0505563002182
465564001211,0465564001211,https://www.dataforthai.com/company/0465564001211
725561002116,0725561002116,https://www.dataforthai.com/company/0725561002116
505567025071,0505567025071,https://www.dataforthai.com/company/0505567025071
363564002330,0363564002330,https://www.dataforthai.com/company/0363564002330
363564001406,0363564001406,https://www.dataforthai.com/company/0363564001406
193564000975,0193564000975,https://www.dataforthai.com/company/0193564000975
553564000050,0553564000050,https://www.dataforthai.com/company/0553564000050
473564000778,0473564000778,https://www.dataforthai.com/company/0473564000778
135560002291,0135560002291,https://www.dataforthai.com/company/0135560002291
105557065627,0105557065627,https://www.dataforthai.com/company/0105557065627
125567000587,0125567000587,https://www.dataforthai.com/company/0125567000587
105565068443,0105565068443,https://www.dataforthai.com/company/0105565068443
363566002019,0363566002019,https://www.dataforthai.com/company/0363566002019
135565028212,0135565028212,https://www.dataforthai.com/company/0135565028212
605562000606,0605562000606,https://www.dataforthai.com/company/0605562000606
305563004098,0305563004098,https://www.dataforthai.com/company/0305563004098
105529044211,0105529044211,https://www.dataforthai.com/company/0105529044211
835548002271,0835548002271,https://www.dataforthai.com/company/0835548002271
105564135295,0105564135295,https://www.dataforthai.com/company/0105564135295
105565131552,0105565131552,https://www.dataforthai.com/company/0105565131552
505556007531,0505556007531,https://www.dataforthai.com/company/0505556007531
325565000669,0325565000669,https://www.dataforthai.com/company/0325565000669
105549106603,0105549106603,https://www.dataforthai.com/company/0105549106603
505557001587,0505557001587,https://www.dataforthai.com/company/0505557001587
673555000726,0673555000726,https://www.dataforthai.com/company/0673555000726
105538038105,0105538038105,https://www.dataforthai.com/company/0105538038105
333564003000,0333564003000,https://www.dataforthai.com/company/0333564003000
583564000301,0583564000301,https://www.dataforthai.com/company/0583564000301
583564000271,0583564000271,https://www.dataforthai.com/company/0583564000271
583564000289,0583564000289,https://www.dataforthai.com/company/0583564000289
583564000262,0583564000262,https://www.dataforthai.com/company/0583564000262
305567002952,0305567002952,https://www.dataforthai.com/company/0305567002952
483568000331,0483568000331,https://www.dataforthai.com/company/0483568000331
353563001101,0353563001101,https://www.dataforthai.com/company/0353563001101
505568009517,0505568009517,https://www.dataforthai.com/company/0505568009517
583564000297,0583564000297,https://www.dataforthai.com/company/0583564000297
575567000656,0575567000656,https://www.dataforthai.com/company/0575567000656
135558017511,0135558017511,https://www.dataforthai.com/company/0135558017511
105560070041,0105560070041,https://www.dataforthai.com/company/0105560070041
135561008471,0135561008471,https://www.dataforthai.com/company/0135561008471
453564000671,0453564000671,https://www.dataforthai.com/company/0453564000671
413564001961,0413564001961,https://www.dataforthai.com/company/0413564001961
303564001953,0303564001953,https://www.dataforthai.com/company/0303564001953
303564003085,0303564003085,https://www.dataforthai.com/company/0303564003085
613564000199,0613564000199,https://www.dataforthai.com/company/0613564000199
313564000388,0313564000388,https://www.dataforthai.com/company/0313564000388
313564000779,0313564000779,https://www.dataforthai.com/company/0313564000779
313564000990,0313564000990,https://www.dataforthai.com/company/0313564000990
313564000272,0313564000272,https://www.dataforthai.com/company/0313564000272
313564000965,0313564000965,https://www.dataforthai.com/company/0313564000965
273564000699,0273564000699,https://www.dataforthai.com/company/0273564000699
453563002548,0453563002548,https://www.dataforthai.com/company/0453563002548
105549067454,0105549067454,https://www.dataforthai.com/company/0105549067454
105538078905,0105538078905,https://www.dataforthai.com/company/0105538078905
615564000123,0615564000123,https://www.dataforthai.com/company/0615564000123
305562003683,0305562003683,https://www.dataforthai.com/company/0305562003683
563563000188,0563563000188,https://www.dataforthai.com/company/0563563000188
463564001138,0463564001138,https://www.dataforthai.com/company/0463564001138
345551000408,0345551000408,https://www.dataforthai.com/company/0345551000408
115547008299,0115547008299,https://www.dataforthai.com/company/0115547008299
163566000352,0163566000352,https://www.dataforthai.com/company/0163566000352
405564002021,0405564002021,https://www.dataforthai.com/company/0405564002021
273564000711,0273564000711,https://www.dataforthai.com/company/0273564000711
653564000679,0653564000679,https://www.dataforthai.com/company/0653564000679
163564000444,0163564000444,https://www.dataforthai.com/company/0163564000444
273564000702,0273564000702,https://www.dataforthai.com/company/0273564000702
353564000299,0353564000299,https://www.dataforthai.com/company/0353564000299
463564000913,0463564000913,https://www.dataforthai.com/company/0463564000913
353564000230,0353564000230,https://www.dataforthai.com/company/0353564000230
623564000962,0623564000962,https://www.dataforthai.com/company/0623564000962
375564000258,0375564000258,https://www.dataforthai.com/company/0375564000258
375564000347,0375564000347,https://www.dataforthai.com/company/0375564000347
623564000938,0623564000938,https://www.dataforthai.com/company/0623564000938
373564000213,0373564000213,https://www.dataforthai.com/company/0373564000213
463564000280,0463564000280,https://www.dataforthai.com/company/0463564000280
463564001146,0463564001146,https://www.dataforthai.com/company/0463564001146
463564000832,0463564000832,https://www.dataforthai.com/company/0463564000832
105566141675,0105566141675,https://www.dataforthai.com/company/0105566141675
315566002142,0315566002142,https://www.dataforthai.com/company/0315566002142
623564000741,0623564000741,https://www.dataforthai.com/company/0623564000741
405564001326,0405564001326,https://www.dataforthai.com/company/0405564001326
303564002011,0303564002011,https://www.dataforthai.com/company/0303564002011
665564000298,0665564000298,https://www.dataforthai.com/company/0665564000298
655564000492,0655564000492,https://www.dataforthai.com/company/0655564000492
603564001705,0603564001705,https://www.dataforthai.com/company/0603564001705
343564001767,0343564001767,https://www.dataforthai.com/company/0343564001767
363564000396,0363564000396,https://www.dataforthai.com/company/0363564000396
613564000148,0613564000148,https://www.dataforthai.com/company/0613564000148
165564000608,0165564000608,https://www.dataforthai.com/company/0165564000608
413564001367,0413564001367,https://www.dataforthai.com/company/0413564001367
413564001405,0413564001405,https://www.dataforthai.com/company/0413564001405
413564001391,0413564001391,https://www.dataforthai.com/company/0413564001391
533564000521,0533564000521,https://www.dataforthai.com/company/0533564000521
363564003221,0363564003221,https://www.dataforthai.com/company/0363564003221
363564002658,0363564002658,https://www.dataforthai.com/company/0363564002658
403564003700,0403564003700,https://www.dataforthai.com/company/0403564003700
363564002071,0363564002071,https://www.dataforthai.com/company/0363564002071
363564001694,0363564001694,https://www.dataforthai.com/company/0363564001694
453563002793,0453563002793,https://www.dataforthai.com/company/0453563002793
363564001040,0363564001040,https://www.dataforthai.com/company/0363564001040
363564002593,0363564002593,https://www.dataforthai.com/company/0363564002593
135558021429,0135558021429,https://www.dataforthai.com/company/0135558021429
105530034640,0105530034640,https://www.dataforthai.com/company/0105530034640
105551089281,0105551089281,https://www.dataforthai.com/company/0105551089281
275564000267,0275564000267,https://www.dataforthai.com/company/0275564000267
655566003294,0655566003294,https://www.dataforthai.com/company/0655566003294
245555000896,0245555000896,https://www.dataforthai.com/company/0245555000896
103558011952,0103558011952,https://www.dataforthai.com/company/0103558011952
503555003998,0503555003998,https://www.dataforthai.com/company/0503555003998
513562000125,0513562000125,https://www.dataforthai.com/company/0513562000125
105565006774,0105565006774,https://www.dataforthai.com/company/0105565006774
575560000944,0575560000944,https://www.dataforthai.com/company/0575560000944
105561172408,0105561172408,https://www.dataforthai.com/company/0105561172408
135565029383,0135565029383,https://www.dataforthai.com/company/0135565029383
365563000505,0365563000505,https://www.dataforthai.com/company/0365563000505
125561005358,0125561005358,https://www.dataforthai.com/company/0125561005358
303562002286,0303562002286,https://www.dataforthai.com/company/0303562002286
115548005871,0115548005871,https://www.dataforthai.com/company/0115548005871
903560000906,0903560000906,https://www.dataforthai.com/company/0903560000906
525565001221,0525565001221,https://www.dataforthai.com/company/0525565001221
705567001782,0705567001782,https://www.dataforthai.com/company/0705567001782
405561004057,0405561004057,https://www.dataforthai.com/company/0405561004057
575552001023,0575552001023,https://www.dataforthai.com/company/0575552001023
505549002294,0505549002294,https://www.dataforthai.com/company/0505549002294
393564000094,0393564000094,https://www.dataforthai.com/company/0393564000094
515561000255,0515561000255,https://www.dataforthai.com/company/0515561000255
405560001101,0405560001101,https://www.dataforthai.com/company/0405560001101
505538004592,0505538004592,https://www.dataforthai.com/company/0505538004592
335560000253,0335560000253,https://www.dataforthai.com/company/0335560000253
345563000556,0345563000556,https://www.dataforthai.com/company/0345563000556
615560000218,0615560000218,https://www.dataforthai.com/company/0615560000218
305560001209,0305560001209,https://www.dataforthai.com/company/0305560001209
503562005674,0503562005674,https://www.dataforthai.com/company/0503562005674
305565003030,0305565003030,https://www.dataforthai.com/company/0305565003030
205567031066,0205567031066,https://www.dataforthai.com/company/0205567031066
245561001564,0245561001564,https://www.dataforthai.com/company/0245561001564
415567000711,0415567000711,https://www.dataforthai.com/company/0415567000711
105558048301,0105558048301,https://www.dataforthai.com/company/0105558048301
143565000987,0143565000987,https://www.dataforthai.com/company/0143565000987
263563000181,0263563000181,https://www.dataforthai.com/company/0263563000181
815564000695,0815564000695,https://www.dataforthai.com/company/0815564000695
105553152924,0105553152924,https://www.dataforthai.com/company/0105553152924
135555019997,0135555019997,https://www.dataforthai.com/company/0135555019997
125564013670,0125564013670,https://www.dataforthai.com/company/0125564013670
205563012164,0205563012164,https://www.dataforthai.com/company/0205563012164
843566001883,0843566001883,https://www.dataforthai.com/company/0843566001883
105545103308,0105545103308,https://www.dataforthai.com/company/0105545103308
463564000093,0463564000093,https://www.dataforthai.com/company/0463564000093
105552104942,0105552104942,https://www.dataforthai.com/company/0105552104942
335558000519,0335558000519,https://www.dataforthai.com/company/0335558000519
663565000052,0663565000052,https://www.dataforthai.com/company/0663565000052
505561000786,0505561000786,https://www.dataforthai.com/company/0505561000786
745562003256,0745562003256,https://www.dataforthai.com/company/0745562003256
653560001913,0653560001913,https://www.dataforthai.com/company/0653560001913
863565000018,0863565000018,https://www.dataforthai.com/company/0863565000018
215555005049,0215555005049,https://www.dataforthai.com/company/0215555005049
245566005223,0245566005223,https://www.dataforthai.com/company/0245566005223
115560015864,0115560015864,https://www.dataforthai.com/company/0115560015864
755568000267,0755568000267,https://www.dataforthai.com/company/0755568000267
405563004801,0405563004801,https://www.dataforthai.com/company/0405563004801
115565023342,0115565023342,https://www.dataforthai.com/company/0115565023342
133559002761,0133559002761,https://www.dataforthai.com/company/0133559002761
105566233651,0105566233651,https://www.dataforthai.com/company/0105566233651
105564023365,0105564023365,https://www.dataforthai.com/company/0105564023365
565564000345,0565564000345,https://www.dataforthai.com/company/0565564000345
843564000561,0843564000561,https://www.dataforthai.com/company/0843564000561
243563001209,0243563001209,https://www.dataforthai.com/company/0243563001209
925561001690,0925561001690,https://www.dataforthai.com/company/0925561001690
415561000701,0415561000701,https://www.dataforthai.com/company/0415561000701
185567000447,0185567000447,https://www.dataforthai.com/company/0185567000447
505535003285,0505535003285,https://www.dataforthai.com/company/0505535003285
323560000472,0323560000472,https://www.dataforthai.com/company/0323560000472
745562001903,0745562001903,https://www.dataforthai.com/company/0745562001903
413560002865,0413560002865,https://www.dataforthai.com/company/0413560002865
655562001688,0655562001688,https://www.dataforthai.com/company/0655562001688
553560000446,0553560000446,https://www.dataforthai.com/company/0553560000446
105518005805,0105518005805,https://www.dataforthai.com/company/0105518005805
845566012411,0845566012411,https://www.dataforthai.com/company/0845566012411
305562004523,0305562004523,https://www.dataforthai.com/company/0305562004523
505568000803,0505568000803,https://www.dataforthai.com/company/0505568000803
513565000151,0513565000151,https://www.dataforthai.com/company/0513565000151
105568090521,0105568090521,https://www.dataforthai.com/company/0105568090521
115563024155,0115563024155,https://www.dataforthai.com/company/0115563024155
655561001277,0655561001277,https://www.dataforthai.com/company/0655561001277
835568002358,0835568002358,https://www.dataforthai.com/company/0835568002358
345565003480,0345565003480,https://www.dataforthai.com/company/0345565003480
115564020188,0115564020188,https://www.dataforthai.com/company/0115564020188
415565000307,0415565000307,https://www.dataforthai.com/company/0415565000307
105566099644,0105566099644,https://www.dataforthai.com/company/0105566099644
505563008849,0505563008849,https://www.dataforthai.com/company/0505563008849
505563008661,0505563008661,https://www.dataforthai.com/company/0505563008661
505563008881,0505563008881,https://www.dataforthai.com/company/0505563008881
135565009463,0135565009463,https://www.dataforthai.com/company/0135565009463
305565002271,0305565002271,https://www.dataforthai.com/company/0305565002271
105565139995,0105565139995,https://www.dataforthai.com/company/0105565139995
505560010401,0505560010401,https://www.dataforthai.com/company/0505560010401
505566009382,0505566009382,https://www.dataforthai.com/company/0505566009382
525567001881,0525567001881,https://www.dataforthai.com/company/0525567001881
305563005272,0305563005272,https://www.dataforthai.com/company/0305563005272
675560001478,0675560001478,https://www.dataforthai.com/company/0675560001478
465564000354,0465564000354,https://www.dataforthai.com/company/0465564000354
225565001381,0225565001381,https://www.dataforthai.com/company/0225565001381
553564000513,0553564000513,https://www.dataforthai.com/company/0553564000513
273564000672,0273564000672,https://www.dataforthai.com/company/0273564000672
135564005201,0135564005201,https://www.dataforthai.com/company/0135564005201
653564000709,0653564000709,https://www.dataforthai.com/company/0653564000709
835566002083,0835566002083,https://www.dataforthai.com/company/0835566002083
105544121388,0105544121388,https://www.dataforthai.com/company/0105544121388
575564000396,0575564000396,https://www.dataforthai.com/company/0575564000396
505568002181,0505568002181,https://www.dataforthai.com/company/0505568002181
505567005313,0505567005313,https://www.dataforthai.com/company/0505567005313
105551084221,0105551084221,https://www.dataforthai.com/company/0105551084221
135565029995,0135565029995,https://www.dataforthai.com/company/0135565029995
835566002288,0835566002288,https://www.dataforthai.com/company/0835566002288
133564000959,0133564000959,https://www.dataforthai.com/company/0133564000959
105543013735,0105543013735,https://www.dataforthai.com/company/0105543013735
135565026589,0135565026589,https://www.dataforthai.com/company/0135565026589
125567035411,0125567035411,https://www.dataforthai.com/company/0125567035411
225559000858,0225559000858,https://www.dataforthai.com/company/0225559000858
105567221214,0105567221214,https://www.dataforthai.com/company/0105567221214
195550000759,0195550000759,https://www.dataforthai.com/company/0195550000759
565565000624,0565565000624,https://www.dataforthai.com/company/0565565000624
105568119332,0105568119332,https://www.dataforthai.com/company/0105568119332
305564004482,0305564004482,https://www.dataforthai.com/company/0305564004482
125565024241,0125565024241,https://www.dataforthai.com/company/0125565024241
105554012557,0105554012557,https://www.dataforthai.com/company/0105554012557
105564115642,0105564115642,https://www.dataforthai.com/company/0105564115642
105565104041,0105565104041,https://www.dataforthai.com/company/0105565104041
105565144409,0105565144409,https://www.dataforthai.com/company/0105565144409
845565009653,0845565009653,https://www.dataforthai.com/company/0845565009653
845568009301,0845568009301,https://www.dataforthai.com/company/0845568009301
105566140024,0105566140024,https://www.dataforthai.com/company/0105566140024
105562088061,0105562088061,https://www.dataforthai.com/company/0105562088061
125555002059,0125555002059,https://www.dataforthai.com/company/0125555002059
805565002128,0805565002128,https://www.dataforthai.com/company/0805565002128
505568012747,0505568012747,https://www.dataforthai.com/company/0505568012747
575560003153,0575560003153,https://www.dataforthai.com/company/0575560003153
105540002341,0105540002341,https://www.dataforthai.com/company/0105540002341
835566028198,0835566028198,https://www.dataforthai.com/company/0835566028198
205565000473,0205565000473,https://www.dataforthai.com/company/0205565000473
505568011317,0505568011317,https://www.dataforthai.com/company/0505568011317
265563000255,0265563000255,https://www.dataforthai.com/company/0265563000255
845566020260,0845566020260,https://www.dataforthai.com/company/0845566020260
105531086597,0105531086597,https://www.dataforthai.com/company/0105531086597
125565030128,0125565030128,https://www.dataforthai.com/company/0125565030128
105562201894,0105562201894,https://www.dataforthai.com/company/0105562201894
323565001299,0323565001299,https://www.dataforthai.com/company/0323565001299
105559128596,0105559128596,https://www.dataforthai.com/company/0105559128596
105564103741,0105564103741,https://www.dataforthai.com/company/0105564103741
575565005545,0575565005545,https://www.dataforthai.com/company/0575565005545
735548001357,0735548001357,https://www.dataforthai.com/company/0735548001357
575564003182,0575564003182,https://www.dataforthai.com/company/0575564003182
655568000187,0655568000187,https://www.dataforthai.com/company/0655568000187
105566229955,0105566229955,https://www.dataforthai.com/company/0105566229955
105565044625,0105565044625,https://www.dataforthai.com/company/0105565044625
125560017018,0125560017018,https://www.dataforthai.com/company/0125560017018
303561004757,0303561004757,https://www.dataforthai.com/company/0303561004757
135562018852,0135562018852,https://www.dataforthai.com/company/0135562018852
105565142309,0105565142309,https://www.dataforthai.com/company/0105565142309
215563009538,0215563009538,https://www.dataforthai.com/company/0215563009538
853559000036,0853559000036,https://www.dataforthai.com/company/0853559000036
205564018328,0205564018328,https://www.dataforthai.com/company/0205564018328
105558124040,0105558124040,https://www.dataforthai.com/company/0105558124040
205566069027,0205566069027,https://www.dataforthai.com/company/0205566069027
623564000784,0623564000784,https://www.dataforthai.com/company/0623564000784
135562013443,0135562013443,https://www.dataforthai.com/company/0135562013443
315566000867,0315566000867,https://www.dataforthai.com/company/0315566000867
505565003828,0505565003828,https://www.dataforthai.com/company/0505565003828
835566006216,0835566006216,https://www.dataforthai.com/company/0835566006216
205563001006,0205563001006,https://www.dataforthai.com/company/0205563001006
105566229815,0105566229815,https://www.dataforthai.com/company/0105566229815
105563101800,0105563101800,https://www.dataforthai.com/company/0105563101800
115565029065,0115565029065,https://www.dataforthai.com/company/0115565029065
105562090910,0105562090910,https://www.dataforthai.com/company/0105562090910
105534058381,0105534058381,https://www.dataforthai.com/company/0105534058381
833556000507,0833556000507,https://www.dataforthai.com/company/0833556000507
505563009365,0505563009365,https://www.dataforthai.com/company/0505563009365
125564029924,0125564029924,https://www.dataforthai.com/company/0125564029924
105568058210,0105568058210,https://www.dataforthai.com/company/0105568058210
503566000022,0503566000022,https://www.dataforthai.com/company/0503566000022
133566003904,0133566003904,https://www.dataforthai.com/company/0133566003904
105565089637,0105565089637,https://www.dataforthai.com/company/0105565089637
655567000787,0655567000787,https://www.dataforthai.com/company/0655567000787
675560001486,0675560001486,https://www.dataforthai.com/company/0675560001486
775565004385,0775565004385,https://www.dataforthai.com/company/0775565004385
453564001154,0453564001154,https://www.dataforthai.com/company/0453564001154
393563000911,0393563000911,https://www.dataforthai.com/company/0393563000911
453564001626,0453564001626,https://www.dataforthai.com/company/0453564001626
313564000426,0313564000426,https://www.dataforthai.com/company/0313564000426
105532005361,0105532005361,https://www.dataforthai.com/company/0105532005361
715521000040,0715521000040,https://www.dataforthai.com/company/0715521000040
775567002797,0775567002797,https://www.dataforthai.com/company/0775567002797
775554001347,0775554001347,https://www.dataforthai.com/company/0775554001347
365526000017,0365526000017,https://www.dataforthai.com/company/0365526000017
105551108863,0105551108863,https://www.dataforthai.com/company/0105551108863
405564001636,0405564001636,https://www.dataforthai.com/company/0405564001636
605557000741,0605557000741,https://www.dataforthai.com/company/0605557000741
103516008104,0103516008104,https://www.dataforthai.com/company/0103516008104
405564000095,0405564000095,https://www.dataforthai.com/company/0405564000095
463565001646,0463565001646,https://www.dataforthai.com/company/0463565001646
375564000657,0375564000657,https://www.dataforthai.com/company/0375564000657
665564000727,0665564000727,https://www.dataforthai.com/company/0665564000727
403564002029,0403564002029,https://www.dataforthai.com/company/0403564002029
273564000796,0273564000796,https://www.dataforthai.com/company/0273564000796
405564003167,0405564003167,https://www.dataforthai.com/company/0405564003167
643564000334,0643564000334,https://www.dataforthai.com/company/0643564000334
273564000401,0273564000401,https://www.dataforthai.com/company/0273564000401
363564003174,0363564003174,https://www.dataforthai.com/company/0363564003174
443564000344,0443564000344,https://www.dataforthai.com/company/0443564000344
643564000067,0643564000067,https://www.dataforthai.com/company/0643564000067
463564001651,0463564001651,https://www.dataforthai.com/company/0463564001651
273564000419,0273564000419,https://www.dataforthai.com/company/0273564000419
605565001077,0605565001077,https://www.dataforthai.com/company/0605565001077
245568000547,0245568000547,https://www.dataforthai.com/company/0245568000547
403566000830,0403566000830,https://www.dataforthai.com/company/0403566000830
105544029775,0105544029775,https://www.dataforthai.com/company/0105544029775
105544029783,0105544029783,https://www.dataforthai.com/company/0105544029783
613564000164,0613564000164,https://www.dataforthai.com/company/0613564000164
405564001661,0405564001661,https://www.dataforthai.com/company/0405564001661
393564000191,0393564000191,https://www.dataforthai.com/company/0393564000191
393564000132,0393564000132,https://www.dataforthai.com/company/0393564000132
363564002551,0363564002551,https://www.dataforthai.com/company/0363564002551
363564001619,0363564001619,https://www.dataforthai.com/company/0363564001619
613564000105,0613564000105,https://www.dataforthai.com/company/0613564000105
165564000616,0165564000616,https://www.dataforthai.com/company/0165564000616
363564002054,0363564002054,https://www.dataforthai.com/company/0363564002054
363564002127,0363564002127,https://www.dataforthai.com/company/0363564002127
363564001741,0363564001741,https://www.dataforthai.com/company/0363564001741
403564003068,0403564003068,https://www.dataforthai.com/company/0403564003068
405564003183,0405564003183,https://www.dataforthai.com/company/0405564003183
643564000563,0643564000563,https://www.dataforthai.com/company/0643564000563
643564000105,0643564000105,https://www.dataforthai.com/company/0643564000105
413564000751,0413564000751,https://www.dataforthai.com/company/0413564000751
413564000506,0413564000506,https://www.dataforthai.com/company/0413564000506
363564001872,0363564001872,https://www.dataforthai.com/company/0363564001872
363564001848,0363564001848,https://www.dataforthai.com/company/0363564001848
363564001571,0363564001571,https://www.dataforthai.com/company/0363564001571
363564001627,0363564001627,https://www.dataforthai.com/company/0363564001627
603564000857,0603564000857,https://www.dataforthai.com/company/0603564000857
363564001201,0363564001201,https://www.dataforthai.com/company/0363564001201
675562001491,0675562001491,https://www.dataforthai.com/company/0675562001491
405564001652,0405564001652,https://www.dataforthai.com/company/0405564001652
675564000751,0675564000751,https://www.dataforthai.com/company/0675564000751
405564001555,0405564001555,https://www.dataforthai.com/company/0405564001555
405564003302,0405564003302,https://www.dataforthai.com/company/0405564003302
403564003271,0403564003271,https://www.dataforthai.com/company/0403564003271
105548113061,0105548113061,https://www.dataforthai.com/company/0105548113061
623564000865,0623564000865,https://www.dataforthai.com/company/0623564000865
405564003370,0405564003370,https://www.dataforthai.com/company/0405564003370
183564000428,0183564000428,https://www.dataforthai.com/company/0183564000428
273564000010,0273564000010,https://www.dataforthai.com/company/0273564000010
375564000053,0375564000053,https://www.dataforthai.com/company/0375564000053
195564000730,0195564000730,https://www.dataforthai.com/company/0195564000730
313564001023,0313564001023,https://www.dataforthai.com/company/0313564001023
105534097034,0105534097034,https://www.dataforthai.com/company/0105534097034
105506001745,0105506001745,https://www.dataforthai.com/company/0105506001745
165565000776,0165565000776,https://www.dataforthai.com/company/0165565000776
765566000278,0765566000278,https://www.dataforthai.com/company/0765566000278
105566111652,0105566111652,https://www.dataforthai.com/company/0105566111652
835566026403,0835566026403,https://www.dataforthai.com/company/0835566026403
565562000062,0565562000062,https://www.dataforthai.com/company/0565562000062
565564000965,0565564000965,https://www.dataforthai.com/company/0565564000965
115566007804,0115566007804,https://www.dataforthai.com/company/0115566007804